City_ID,City,Country,Date,Lat,Lng,Max Temp,Humidity,Cloudiness,Wind Speed
0,La Paz,BO,2021-05-07 04:13:41,-16.5,-68.15,37.4,93,75,2.3
1,Vila Franca Do Campo,PT,2021-05-07 04:15:08,37.7167,-25.4333,62.6,94,75,10.36
2,Iqaluit,CA,2021-05-07 04:15:09,63.7506,-68.5145,30.2,93,90,8.05
3,Yar-Sale,RU,2021-05-07 04:15:09,66.8333,70.8333,31.62,97,100,19.42
4,Deputatskiy,RU,2021-05-07 04:15:09,69.3,139.9,27.7,91,100,4.65
5,Punta Arenas,CL,2021-05-07 04:15:10,-53.15,-70.9167,42.8,87,75,5.75
6,Ushuaia,AR,2021-05-07 04:11:29,-54.8,-68.3,41.0,75,0,4.61
7,Albany,US,2021-05-07 04:11:46,42.6001,-73.9662,48.0,75,100,4.92
8,Prince Rupert,CA,2021-05-07 04:15:05,54.3161,-130.3201,48.2,76,90,14.97
9,Parabel,RU,2021-05-07 04:15:11,58.6978,81.4825,53.96,49,7,13.02
10,Rikitea,PF,2021-05-07 04:15:11,-23.1203,-134.9692,78.24,78,100,12.68
11,Sudbury,CA,2021-05-07 04:15:11,46.49,-80.99,37.4,93,40,9.22
12,Cape Town,ZA,2021-05-07 04:15:08,-33.9258,18.4232,60.01,94,75,11.5
13,Busselton,AU,2021-05-07 04:15:12,-33.65,115.3333,63.0,86,86,1.99
14,Tura,IN,2021-05-07 04:15:12,25.5198,90.2201,84.52,54,73,2.82
15,Lebu,CL,2021-05-07 04:10:24,-37.6167,-73.65,52.57,84,36,8.14
16,Tual,ID,2021-05-07 04:15:13,-5.6667,132.75,83.97,73,72,17.34
17,Kaitangata,NZ,2021-05-07 04:15:13,-46.2817,169.8464,59.0,76,63,5.01
18,Mar Del Plata,AR,2021-05-07 04:15:14,-38.0023,-57.5575,53.01,87,20,3.44
19,Guerrero Negro,MX,2021-05-07 04:10:23,27.9769,-114.0611,61.92,87,0,14.16
20,Muzaffarabad,PK,2021-05-07 04:15:14,34.37,73.4711,78.24,47,99,2.77
21,Santa Fe,AR,2021-05-07 04:15:14,-31.6333,-60.7,51.01,83,0,3.22
22,Provideniya,RU,2021-05-07 04:15:15,64.3833,-173.3,33.8,64,0,13.42
23,Baykit,RU,2021-05-07 04:15:15,61.67,96.37,43.81,60,89,14.0
24,Saint-Philippe,RE,2021-05-07 04:15:16,-21.3585,55.7679,73.4,78,75,5.75
25,Atuona,PF,2021-05-07 04:15:14,-9.8,-139.0333,80.67,68,38,20.89
26,Vuktyl,RU,2021-05-07 04:15:16,63.8567,57.3094,36.61,65,29,4.59
27,Zeya,RU,2021-05-07 04:15:17,53.75,127.2667,43.45,68,100,3.38
28,Kaiwaka,NZ,2021-05-07 04:15:17,-36.1667,174.45,64.0,81,100,5.01
29,Tuktoyaktuk,CA,2021-05-07 04:15:18,69.4541,-133.0374,28.4,86,90,14.97
30,Makakilo City,US,2021-05-07 04:15:18,21.3469,-158.0858,78.8,65,1,5.75
31,Hobart,AU,2021-05-07 04:15:18,-42.8794,147.3294,71.01,56,75,16.11
32,Butaritari,KI,2021-05-07 04:15:15,3.0707,172.7902,84.45,73,82,15.86
33,Vaini,TO,2021-05-07 04:15:19,-21.2,-175.2,77.0,83,75,16.11
34,Qaanaaq,GL,2021-05-07 04:15:19,77.484,-69.3632,19.09,79,36,5.59
35,Grindavik,IS,2021-05-07 04:15:19,63.8424,-22.4338,30.2,80,20,9.22
36,Arraial Do Cabo,BR,2021-05-07 04:15:20,-22.9661,-42.0278,72.95,80,0,4.61
37,Huangpi,CN,2021-05-07 04:15:20,30.8845,114.3779,71.6,83,40,4.47
38,Margate,GB,2021-05-07 04:15:21,51.3813,1.3862,42.01,75,15,4.0
39,Castro,BR,2021-05-07 04:15:21,-24.7911,-50.0119,53.73,96,100,3.89
40,Saskylakh,RU,2021-05-07 04:12:11,71.9167,114.0833,24.85,88,91,5.01
41,Pooc,PH,2021-05-07 04:15:22,10.2401,123.8227,87.8,66,75,5.75
42,Puerto Ayora,EC,2021-05-07 04:15:22,-0.7393,-90.3518,72.0,91,2,6.31
43,Waipawa,NZ,2021-05-07 04:15:22,-41.4122,175.5153,61.0,72,93,8.05
44,Nadym,RU,2021-05-07 04:13:13,65.5333,72.5167,32.4,98,100,18.12
45,Kirakira,SB,2021-05-07 04:15:23,-10.4544,161.9205,84.65,75,100,12.53
46,Akdepe,TM,2021-05-07 04:15:23,42.0551,59.3788,64.4,82,90,9.22
47,Bartoszyce,PL,2021-05-07 04:15:23,54.2535,20.8082,38.07,89,100,5.99
48,Mataura,NZ,2021-05-07 04:15:24,-46.1927,168.8643,57.0,77,70,3.0
49,Novobirilyussy,RU,2021-05-07 04:15:24,56.9514,90.6661,63.3,63,100,8.34
50,Soyo,AO,2021-05-07 04:15:25,-6.1349,12.3689,76.37,84,100,3.91
51,Samarai,PG,2021-05-07 04:15:26,-10.6167,150.6667,82.49,71,60,10.87
52,Hamilton,US,2021-05-07 04:11:06,39.1834,-84.5333,48.99,87,90,3.44
53,Bluff,NZ,2021-05-07 04:15:26,-46.6,168.3333,57.0,77,79,3.0
54,Cherskiy,RU,2021-05-07 04:15:26,68.75,161.3,31.19,89,100,3.27
55,Jamestown,US,2021-05-07 04:15:27,42.097,-79.2353,42.8,52,90,3.44
56,Puerto Baquerizo Moreno,EC,2021-05-07 04:15:27,-0.9,-89.6,74.93,77,0,7.14
57,Pacific Grove,US,2021-05-07 04:15:28,36.6177,-121.9166,55.99,82,90,10.36
58,Kapaa,US,2021-05-07 04:15:28,22.0752,-159.319,75.2,83,40,9.22
59,Opuwo,NA,2021-05-07 04:15:28,-18.0607,13.84,65.39,75,61,0.58
60,Abu Samrah,SY,2021-05-07 04:15:29,35.3029,37.1841,63.14,76,0,7.18
61,Victoria,HK,2021-05-07 04:11:39,22.2855,114.1577,84.2,65,20,10.36
62,Jumla,NP,2021-05-07 04:15:30,29.2747,82.1838,63.09,50,8,5.88
63,Sangar,RU,2021-05-07 04:15:30,63.9242,127.4739,43.45,70,100,3.29
64,Turukhansk,RU,2021-05-07 04:15:31,65.8167,87.9833,33.84,98,100,14.83
65,Tahe,CN,2021-05-07 04:15:31,52.3333,124.7333,47.82,60,66,8.1
66,Ponta Do Sol,PT,2021-05-07 04:15:32,32.6667,-17.1,57.99,59,73,4.0
67,Cabedelo,BR,2021-05-07 04:15:32,-6.9811,-34.8339,73.4,94,20,5.75
68,Dunedin,NZ,2021-05-07 04:15:32,-45.8742,170.5036,57.99,72,75,7.0
69,Sumbe,AO,2021-05-07 04:15:33,-11.2061,13.8437,76.78,83,99,3.42
70,Nishihara,JP,2021-05-07 04:15:33,26.1842,127.7558,82.4,78,75,13.8
71,Ilulissat,GL,2021-05-07 04:15:33,69.2167,-51.1,18.1,83,12,5.59
72,Blackwater,AU,2021-05-07 04:15:34,-23.5833,148.8833,79.2,24,0,4.34
73,Ovejas,CO,2021-05-07 04:15:34,9.5325,-75.2238,74.17,91,100,4.36
74,Norman Wells,CA,2021-05-07 04:15:34,65.282,-126.8329,51.8,43,75,5.75
75,Manzhouli,CN,2021-05-07 04:15:35,49.6,117.4333,49.03,33,100,5.66
76,Yellowknife,CA,2021-05-07 04:14:13,62.456,-114.3525,50.0,37,20,9.22
77,Istisu,AZ,2021-05-07 04:15:35,40.9457,48.0738,53.15,65,100,2.06
78,Kavieng,PG,2021-05-07 04:15:36,-2.5744,150.7967,84.34,72,22,6.02
79,Rawson,AR,2021-05-07 04:15:36,-43.3002,-65.1023,51.98,71,53,10.22
80,Lipari,IT,2021-05-07 04:15:36,38.4674,14.954,61.0,50,99,1.99
81,Khatanga,RU,2021-05-07 04:15:37,71.9667,102.5,36.88,79,100,16.62
82,Buraydah,SA,2021-05-07 04:15:37,26.326,43.975,77.0,31,0,3.44
83,Nikolskoye,RU,2021-05-07 04:15:37,59.7035,30.7861,42.8,87,90,6.71
84,Bredasdorp,ZA,2021-05-07 04:15:38,-34.5322,20.0403,60.8,88,87,11.5
85,Leo,BF,2021-05-07 04:15:38,11.1,-2.1,80.71,59,100,11.21
86,Saldanha,ZA,2021-05-07 04:15:39,-33.0117,17.9442,59.0,88,81,5.75
87,Victoria Point,AU,2021-05-07 04:15:39,-27.5833,153.3,79.0,63,100,5.01
88,Kruisfontein,ZA,2021-05-07 04:15:40,-34.0033,24.7314,60.01,95,3,1.01
89,Aklavik,CA,2021-05-07 04:15:40,68.2191,-135.0107,35.6,60,100,13.8
90,Mastic Beach,US,2021-05-07 04:12:56,40.7668,-72.8521,52.0,71,1,3.44
91,San Cristobal,VE,2021-05-07 04:15:41,7.7669,-72.225,66.81,96,100,1.39
92,Calera,US,2021-05-07 04:15:41,33.1029,-86.7536,57.99,77,1,4.61
93,Port Alfred,ZA,2021-05-07 04:15:42,-33.5906,26.891,66.72,84,69,11.65
94,Praia Da Vitoria,PT,2021-05-07 04:15:42,38.7333,-27.0667,68.0,77,40,19.24
95,Naranjal,EC,2021-05-07 04:15:42,-2.6667,-79.6167,75.99,73,75,9.22
96,Pinega,RU,2021-05-07 04:15:43,64.7001,43.3936,37.51,92,100,12.01
97,Shenjiamen,CN,2021-05-07 04:15:43,29.9576,122.298,69.01,78,75,5.84
98,Luau,AO,2021-05-07 04:15:43,-10.7073,22.2247,65.91,76,98,4.94
99,Ouro Preto Do Oeste,BR,2021-05-07 04:15:44,-10.7481,-62.2158,65.44,93,15,8.68
100,Olafsvik,IS,2021-05-07 04:15:44,64.8945,-23.7142,34.14,66,26,13.06
101,Hazorasp,UZ,2021-05-07 04:15:45,41.3194,61.0742,64.4,82,90,11.5
102,Tera,NE,2021-05-07 04:15:45,14.0078,0.7531,90.03,33,27,11.95
103,Nandurbar,IN,2021-05-07 04:15:45,21.3667,74.25,85.89,46,84,10.07
104,Esperance,AU,2021-05-07 04:15:46,-33.8667,121.9,68.0,68,40,9.22
105,Mount Gambier,AU,2021-05-07 04:15:46,-37.8333,140.7667,68.0,64,40,9.22
106,Nantucket,US,2021-05-07 04:13:38,41.2835,-70.0995,46.99,93,1,5.75
107,Kavaratti,IN,2021-05-07 04:15:47,10.5669,72.642,85.51,68,100,3.49
108,Svetlaya,RU,2021-05-07 04:15:47,46.5389,138.3297,51.01,74,41,17.25
109,Thinadhoo,MV,2021-05-07 04:15:47,0.5333,72.9333,84.54,71,90,6.38
110,Geraldton,AU,2021-05-07 04:15:48,-28.7667,114.6,71.6,64,40,17.27
111,Yerbogachen,RU,2021-05-07 04:12:10,61.2767,108.0108,45.0,54,4,3.56
112,Egvekinot,RU,2021-05-07 04:15:48,66.3167,-179.1667,26.58,78,1,1.5
113,Njombe,TZ,2021-05-07 04:15:49,-9.3333,34.7667,52.27,96,91,5.75
114,Hithadhoo,MV,2021-05-07 04:15:49,-0.6,73.0833,83.93,72,35,3.42
115,Cidreira,BR,2021-05-07 04:15:49,-30.1811,-50.2056,57.36,74,33,10.2
116,Katsuura,JP,2021-05-07 04:15:50,35.1333,140.3,66.99,73,100,4.34
117,Monjas,GT,2021-05-07 04:15:50,14.5,-89.8667,60.01,91,100,1.99
118,New Norfolk,AU,2021-05-07 04:15:51,-42.7826,147.0587,71.01,71,98,1.99
119,Tutoia,BR,2021-05-07 04:15:51,-2.7619,-42.2744,76.8,86,100,6.71
120,Barrow,US,2021-05-07 04:15:52,71.2906,-156.7887,14.0,79,75,6.91
121,Te Anau,NZ,2021-05-07 04:15:52,-45.4167,167.7167,56.26,70,71,0.81
122,Dikson,RU,2021-05-07 04:15:52,73.5069,80.5464,27.77,90,99,17.47
123,Mahebourg,MU,2021-05-07 04:15:53,-20.4081,57.7,71.6,100,40,2.3
124,Port Hardy,CA,2021-05-07 04:15:53,50.6996,-127.4199,46.4,93,75,3.44
125,Marovoay,MG,2021-05-07 04:15:53,-16.1,46.6333,73.4,94,40,3.44
126,Faanui,PF,2021-05-07 04:15:54,-16.4833,-151.75,82.36,71,11,13.47
127,Ryotsu,JP,2021-05-07 04:15:54,38.0833,138.4333,73.4,49,75,9.22
128,East London,ZA,2021-05-07 04:15:54,-33.0153,27.9116,66.2,72,0,10.36
129,Mehamn,NO,2021-05-07 04:15:55,71.0357,27.8492,33.8,80,75,14.97
130,Acapulco,MX,2021-05-07 04:14:52,16.8634,-99.8901,80.65,73,43,3.33
131,Manokwari,ID,2021-05-07 04:15:55,-0.8667,134.0833,84.34,70,90,6.31
132,Carnarvon,AU,2021-05-07 04:15:56,-24.8667,113.6333,77.0,53,0,10.36
133,Balakhninskiy,RU,2021-05-07 04:12:14,58.0106,114.2769,45.18,58,67,3.76
134,Lubango,AO,2021-05-07 04:15:57,-14.9172,13.4925,57.22,89,17,3.33
135,Melykut,HU,2021-05-07 04:15:57,46.2151,19.381,51.01,61,100,8.9
136,Livingston,GB,2021-05-07 04:15:57,55.9029,-3.5226,37.0,93,0,4.61
137,Gizo,SB,2021-05-07 04:15:58,-8.103,156.8419,84.52,74,51,6.33
138,Umm Kaddadah,SD,2021-05-07 04:15:58,13.6017,26.6876,75.38,60,7,7.27
139,Baniyas,SY,2021-05-07 04:15:58,35.1819,35.9487,64.4,82,40,4.61
140,Carutapera,BR,2021-05-07 04:15:59,-1.195,-46.02,75.06,91,38,3.42
141,Chuy,UY,2021-05-07 04:15:59,-33.6971,-53.4616,53.17,76,93,7.81
142,Port Blair,IN,2021-05-07 04:15:59,11.6667,92.75,84.24,71,98,11.59
143,Juneau,US,2021-05-07 04:11:31,58.3019,-134.4197,51.8,62,90,8.05
144,Bambous Virieux,MU,2021-05-07 04:16:00,-20.3428,57.7575,77.0,100,40,2.3
145,Broome,US,2021-05-07 04:16:00,42.2506,-75.833,42.8,45,1,3.44
146,Nanortalik,GL,2021-05-07 04:16:01,60.1432,-45.2371,35.74,78,95,4.43
147,Port Lincoln,AU,2021-05-07 04:16:01,-34.7333,135.8667,70.45,56,89,8.61
148,Arman,RU,2021-05-07 04:16:02,59.7,150.1667,40.69,69,60,5.12
149,Luderitz,NA,2021-05-07 04:16:02,-26.6481,15.1594,57.36,78,0,12.15
150,Isaka,TZ,2021-05-07 04:16:02,-3.9,32.9333,62.28,91,84,4.21
151,Thompson,CA,2021-05-07 04:16:03,55.7435,-97.8558,30.2,74,1,4.61
152,Hilo,US,2021-05-07 04:13:21,19.7297,-155.09,78.8,65,90,6.91
153,Sinnamary,GF,2021-05-07 04:16:03,5.3833,-52.95,77.36,87,100,7.72
154,Ribeira Grande,PT,2021-05-07 04:16:03,38.5167,-28.7,63.45,90,61,22.73
155,Airai,TL,2021-05-07 04:16:04,-8.9266,125.4092,68.36,78,97,2.77
156,Touros,BR,2021-05-07 04:16:04,-5.1989,-35.4608,75.2,94,75,2.3
157,Saint-Leu,RE,2021-05-07 04:16:05,-21.15,55.2833,73.4,78,75,5.75
158,Pisco,PE,2021-05-07 04:16:05,-13.7,-76.2167,68.0,77,90,3.44
159,Yambio,SS,2021-05-07 04:16:05,4.5721,28.3955,67.6,98,100,3.11
160,Krasnoye,UA,2021-05-07 04:16:06,49.9145,24.6134,44.6,81,75,8.95
161,Parma,IT,2021-05-07 04:16:06,44.8027,10.329,60.01,68,98,3.8
162,Tsabong,BW,2021-05-07 04:16:06,-26.0217,22.401,66.38,46,97,7.94
163,Mae Sai,TH,2021-05-07 04:16:07,20.4335,99.8762,86.0,69,20,6.91
164,Takaka,NZ,2021-05-07 04:16:07,-40.85,172.8,59.0,75,89,1.01
165,Lompoc,US,2021-05-07 04:11:21,34.6391,-120.4579,53.6,82,7,8.05
166,Petropavlovka,RU,2021-05-07 04:16:08,50.6114,105.3196,51.03,39,92,13.8
167,Itarema,BR,2021-05-07 04:16:08,-2.9248,-39.9167,75.96,86,77,3.42
168,Jizan,SA,2021-05-07 04:16:09,17.3333,42.6667,86.0,79,40,5.48
169,Laguna,US,2021-05-07 04:16:09,38.421,-121.4238,64.4,59,1,11.5
170,Marquette,US,2021-05-07 04:16:10,46.5333,-87.6335,39.0,82,53,4.72
171,Marawi,PH,2021-05-07 04:16:10,7.9986,124.2928,91.0,67,100,7.72
172,Tiksi,RU,2021-05-07 04:16:11,71.6872,128.8694,30.09,88,100,14.2
173,Caravelas,BR,2021-05-07 04:16:11,-17.7125,-39.2481,73.62,87,99,5.23
174,Kodinsk,RU,2021-05-07 04:16:11,58.6881,99.1844,45.43,49,95,9.13
175,Pout,SN,2021-05-07 04:16:12,14.7739,-17.0603,68.0,88,91,17.27
176,Prattville,US,2021-05-07 04:16:12,32.464,-86.4597,64.4,59,40,3.44
177,Dingle,PH,2021-05-07 04:16:12,10.9995,122.6711,91.85,47,24,14.97
178,Atambua,ID,2021-05-07 04:16:13,-9.1061,124.8925,81.23,69,93,0.54
179,Tazovskiy,RU,2021-05-07 04:16:13,67.4667,78.7,32.36,98,100,6.35
180,Palmer,US,2021-05-07 04:16:14,42.1584,-72.3287,44.6,87,1,3.44
181,Oyama,JP,2021-05-07 04:16:14,36.3,139.8,71.01,68,75,5.75
182,Saint-Pierre,RE,2021-05-07 04:16:14,-21.3393,55.4781,73.4,78,75,5.75
183,Hailar,CN,2021-05-07 04:16:15,49.2,119.7,45.61,67,100,10.4
184,Pevek,RU,2021-05-07 04:12:15,69.7008,170.3133,30.15,82,8,3.24
185,Senador Jose Porfirio,BR,2021-05-07 04:16:16,-2.5908,-51.9542,73.76,96,89,2.55
186,Plettenberg Bay,ZA,2021-05-07 04:16:16,-34.0527,23.3716,59.2,89,0,2.64
187,Skovorodino,RU,2021-05-07 04:16:16,53.9833,123.9167,46.45,61,82,5.32
188,Krutikha,RU,2021-05-07 04:16:17,53.9599,81.2093,61.79,40,100,10.36
189,Bethel,US,2021-05-07 04:16:17,41.3712,-73.414,51.01,71,1,4.45
190,Ginir,ET,2021-05-07 04:16:18,7.1333,40.7,57.72,97,100,1.97
191,Bubaque,GW,2021-05-07 04:16:18,11.2833,-15.8333,76.78,71,62,11.23
192,Portree,GB,2021-05-07 04:16:18,57.4129,-6.1942,36.0,80,42,1.01
193,Itoman,JP,2021-05-07 04:13:22,26.1247,127.6694,82.0,83,75,12.66
194,Vila Velha,BR,2021-05-07 04:16:19,-20.3297,-40.2925,75.2,83,0,8.05
195,Clonakilty,IE,2021-05-07 04:16:19,51.6231,-8.8706,37.4,81,20,6.91
196,Oum Hadjer,TD,2021-05-07 04:16:20,13.2954,19.6966,84.24,51,42,11.03
197,Riyadh,SA,2021-05-07 04:13:12,24.6877,46.7219,86.0,13,0,9.17
198,Jose De Freitas,BR,2021-05-07 04:16:20,-4.7564,-42.5756,75.2,94,75,3.44
199,Mattru,SL,2021-05-07 04:16:20,7.6244,-11.8332,76.59,92,100,1.32
200,Hambantota,LK,2021-05-07 04:16:21,6.1241,81.1185,84.2,94,20,4.61
201,Kamenka,RU,2021-05-07 04:16:21,51.3223,42.7678,54.23,67,100,12.95
202,Tirano,IT,2021-05-07 04:16:22,46.2154,10.1679,51.01,91,100,1.72
203,Vaasa,FI,2021-05-07 04:16:22,63.096,21.6158,35.01,80,20,5.75
204,Sao Filipe,CV,2021-05-07 04:16:22,14.8961,-24.4956,71.83,80,46,3.27
205,Coihaique,CL,2021-05-07 04:16:23,-45.5752,-72.0662,30.2,93,28,1.45
206,Suntar,RU,2021-05-07 04:16:23,62.1444,117.6319,43.03,71,99,7.14
207,Cayenne,GF,2021-05-07 04:12:19,4.9333,-52.3333,77.0,94,20,7.85
208,Saint George,US,2021-05-07 04:16:24,37.1041,-113.5841,82.0,12,1,5.75
209,Rafsanjan,IR,2021-05-07 04:16:24,30.4067,55.9939,75.88,26,2,4.25
210,Alyangula,AU,2021-05-07 04:16:24,-13.8483,136.4192,87.8,42,11,8.05
211,Vostok,RU,2021-05-07 04:16:25,46.4856,135.8833,69.69,28,40,5.57
212,Eyl,SO,2021-05-07 04:16:25,7.9803,49.8164,84.16,70,100,3.91
213,Naze,JP,2021-05-07 04:16:25,28.3667,129.4833,75.2,94,75,21.85
214,Montrose,US,2021-05-07 04:12:09,38.4166,-108.2673,60.01,28,37,5.99
215,Guane,CU,2021-05-07 04:16:26,22.2025,-84.0875,73.35,82,8,4.25
216,Anchorage,US,2021-05-07 04:15:47,61.2181,-149.9003,48.2,53,90,6.91
217,Kaili,ID,2021-05-07 04:16:26,-3.4626,120.2147,72.64,92,99,2.77
218,Edson,CA,2021-05-07 04:16:27,53.5835,-116.4356,60.8,33,90,8.05
219,Shestakovo,RU,2021-05-07 04:16:27,56.4915,103.96,43.74,64,93,5.73
220,Neftcala,AZ,2021-05-07 04:16:28,39.3742,49.2472,61.16,75,97,8.88
221,Longyearbyen,SJ,2021-05-07 04:15:24,78.2186,15.6401,17.6,67,20,17.27
222,Isangel,VU,2021-05-07 04:16:28,-19.55,169.2667,84.2,74,75,9.22
223,Orda,RU,2021-05-07 04:16:29,57.1951,56.9091,53.15,69,99,12.93
224,Leningradskiy,RU,2021-05-07 04:16:29,69.3833,178.4167,23.2,88,18,8.5
225,Meulaboh,ID,2021-05-07 04:16:29,4.1363,96.1285,85.08,68,62,3.15
226,Petauke,ZM,2021-05-07 04:16:30,-14.2426,31.3253,52.63,71,69,5.84
227,Poplar Bluff,US,2021-05-07 04:16:30,36.757,-90.3929,57.2,66,1,4.61
228,Bridlington,GB,2021-05-07 04:16:31,54.0831,-0.1919,36.0,88,8,4.0
229,Talnakh,RU,2021-05-07 04:16:31,69.4865,88.3972,34.45,99,100,5.35
230,Avarua,CK,2021-05-07 04:16:31,-21.2078,-159.775,73.4,68,75,17.27
231,Lavrentiya,RU,2021-05-07 04:16:31,65.5833,-171.0,30.06,87,16,3.83
232,Tamandare,BR,2021-05-07 04:16:32,-8.7597,-35.1047,75.49,85,37,0.83
233,Kalmunai,LK,2021-05-07 04:16:32,7.4167,81.8167,85.48,68,91,1.41
234,Dhidhdhoo,MV,2021-05-07 04:16:33,6.8833,73.1,84.78,67,63,0.69
235,Zhigansk,RU,2021-05-07 04:16:33,66.7697,123.3711,39.07,62,96,9.82
236,Hermanus,ZA,2021-05-07 04:16:33,-34.4187,19.2345,59.0,97,100,3.0
237,Nizhniy Kuranakh,RU,2021-05-07 04:16:34,58.8353,125.4869,37.08,94,100,5.84
238,Bonavista,CA,2021-05-07 04:16:34,48.6499,-53.1147,36.0,100,95,1.14
239,Quatre Cocos,MU,2021-05-07 04:16:34,-20.2078,57.7625,77.0,100,40,2.3
240,Brejo Santo,BR,2021-05-07 04:16:35,-7.4933,-38.9872,73.4,88,75,3.69
241,Astana,KZ,2021-05-07 04:16:35,51.1801,71.446,60.8,31,0,8.95
242,Fairbanks,US,2021-05-07 04:15:27,64.8378,-147.7164,55.4,43,75,14.97
243,Kodiak,US,2021-05-07 04:16:36,57.79,-152.4072,50.0,43,90,9.22
244,Ha Noi,VN,2021-05-07 04:15:00,21.0245,105.8412,84.2,79,75,3.44
245,Lagoa,PT,2021-05-07 04:16:36,39.05,-27.9833,62.85,87,46,28.59
246,Ancud,CL,2021-05-07 04:16:37,-41.8697,-73.8203,41.0,100,47,4.61
247,Komsomolskiy,UZ,2021-05-07 04:16:37,40.4272,71.7189,73.4,53,40,2.3
248,Masallatah,LY,2021-05-07 04:16:37,32.6167,14.0,61.45,85,82,4.5
249,Wanning,CN,2021-05-07 04:16:38,18.8003,110.3967,86.61,60,53,7.45
250,Upernavik,GL,2021-05-07 04:16:38,72.7868,-56.1549,19.42,97,52,7.54
251,Bichura,RU,2021-05-07 04:16:38,50.5881,107.6022,43.45,55,98,14.56
252,Izhmorskiy,RU,2021-05-07 04:16:39,56.194,86.6414,59.09,51,100,14.72
253,Puchezh,RU,2021-05-07 04:16:39,56.9788,43.1676,44.98,93,100,6.55
254,Mecca,SA,2021-05-07 04:16:40,21.4267,39.8261,87.19,35,6,3.04
255,Roma,US,2021-05-07 04:12:34,43.2128,-75.4557,39.0,75,1,1.23
256,Manicore,BR,2021-05-07 04:16:40,-5.8092,-61.3003,75.2,100,0,2.3
257,Novopokrovka,UA,2021-05-07 04:16:41,49.8425,36.5477,50.0,87,0,6.71
258,Olga,RU,2021-05-07 04:16:41,43.7444,135.2892,56.98,61,100,11.41
259,Dudinka,RU,2021-05-07 04:16:41,69.4058,86.1778,33.3,99,100,14.99
260,Kaeo,NZ,2021-05-07 04:16:42,-35.1,173.7833,64.99,81,100,5.01
261,Redmond,US,2021-05-07 04:12:17,47.674,-122.1215,53.01,91,66,7.25
262,Sitka,US,2021-05-07 04:16:42,57.0531,-135.33,48.2,87,90,8.05
263,Acarau,BR,2021-05-07 04:16:43,-2.8856,-40.12,76.37,85,83,3.56
264,Lorengau,PG,2021-05-07 04:16:43,-2.0226,147.2712,83.98,76,94,6.82
265,Ngorongoro,TZ,2021-05-07 04:16:43,-3.2397,35.4875,52.09,94,100,3.94
266,Torbay,CA,2021-05-07 04:16:44,47.6666,-52.7314,36.0,100,90,5.75
267,Tuatapere,NZ,2021-05-07 04:16:45,-46.1333,167.6833,57.0,77,63,3.0
268,Tasiilaq,GL,2021-05-07 04:16:45,65.6145,-37.6368,28.4,86,90,2.3
269,Entrerrios,CO,2021-05-07 04:16:45,6.5654,-75.5169,57.2,100,75,1.3
270,Bousso,TD,2021-05-07 04:16:46,10.4795,16.7117,79.57,63,100,7.09
271,Sompeta,IN,2021-05-07 04:16:46,18.9333,84.6,90.05,58,7,9.69
272,Najran,SA,2021-05-07 04:16:47,17.4924,44.1277,78.8,22,75,4.61
273,Moberly,US,2021-05-07 04:16:48,39.4184,-92.4382,50.0,50,1,5.75
274,Payson,US,2021-05-07 04:16:48,40.0444,-111.7321,71.6,28,1,4.61
275,Salalah,OM,2021-05-07 04:16:49,17.0151,54.0924,84.2,79,40,7.11
276,Mahonda,TZ,2021-05-07 04:16:49,-6.45,39.4667,78.8,83,75,17.27
277,Caluquembe,AO,2021-05-07 04:16:49,-13.7833,14.6833,58.01,93,93,2.46
278,Garowe,SO,2021-05-07 04:16:50,8.4054,48.4845,79.05,70,91,7.16
279,Honghu,CN,2021-05-07 04:16:50,29.8206,113.4621,77.05,65,88,3.38
280,Antofagasta,CL,2021-05-07 04:16:51,-23.65,-70.4,62.6,72,90,2.3
281,Sur,OM,2021-05-07 04:16:51,22.5667,59.5289,89.74,44,55,9.44
282,Wenzhou,CN,2021-05-07 04:16:52,27.9994,120.6668,77.0,82,100,0.65
283,Palasbari,IN,2021-05-07 04:16:52,26.1361,91.5486,69.8,88,90,2.28
284,Sawtell,AU,2021-05-07 04:16:53,-30.3833,153.1,73.4,64,58,6.91
285,Pljevlja,ME,2021-05-07 04:16:53,43.3333,19.3333,51.8,62,0,2.3
286,Floro,NO,2021-05-07 04:16:53,61.5996,5.0328,37.4,87,39,4.61
287,Talcahuano,CL,2021-05-07 04:16:54,-36.7167,-73.1167,48.2,100,68,5.75
288,Okha,RU,2021-05-07 04:16:54,53.5739,142.9478,33.17,98,97,15.9
289,Embonas,GR,2021-05-07 04:16:54,36.2269,27.8564,68.0,73,20,4.61
290,Okhotsk,RU,2021-05-07 04:16:56,59.3833,143.3,38.5,69,99,7.7
291,Kutum,SD,2021-05-07 04:16:56,14.2,24.6667,71.15,60,9,3.36
292,Morro Bay,US,2021-05-07 04:16:56,35.3658,-120.8499,55.0,91,28,3.0
293,Whitehorse,CA,2021-05-07 04:15:04,60.7161,-135.0538,51.8,50,90,4.36
294,Bad Langensalza,DE,2021-05-07 04:16:57,51.1,10.65,39.99,95,100,1.01
295,Key Largo,US,2021-05-07 04:16:57,25.0865,-80.4473,82.0,78,1,1.92
296,Vestmanna,FO,2021-05-07 04:16:57,62.1564,-7.1664,35.6,87,90,4.61
297,Maniitsoq,GL,2021-05-07 04:16:58,65.4167,-52.9,31.35,78,4,10.22
298,Bandarbeyla,SO,2021-05-07 04:16:58,9.4942,50.8122,83.95,69,99,2.86
299,Mandalgovi,MN,2021-05-07 04:16:58,45.7625,106.2708,62.08,19,65,24.07
300,Romitan,UZ,2021-05-07 04:16:59,39.9343,64.3814,75.2,43,0,4.61
301,Salinopolis,BR,2021-05-07 04:16:59,-0.6136,-47.3561,77.9,84,20,5.32
302,Vallenar,CL,2021-05-07 04:17:00,-28.5708,-70.7581,62.15,51,100,4.16
303,Haines Junction,CA,2021-05-07 04:17:00,60.7522,-137.5108,48.2,57,100,3.44
304,Dodola,ET,2021-05-07 04:17:00,6.9833,39.1833,54.25,87,90,0.94
305,Clyde River,CA,2021-05-07 04:12:30,70.4692,-68.5914,21.2,93,90,3.44
306,Georgetown,MY,2021-05-07 04:12:27,5.4112,100.3354,87.8,74,20,4.61
307,Naliya,IN,2021-05-07 04:17:01,23.2667,68.8333,88.95,51,3,10.71
308,Balsta,SE,2021-05-07 04:17:01,59.5671,17.5278,35.01,86,90,10.36
309,Berlevag,NO,2021-05-07 04:17:03,70.8578,29.0864,33.8,80,75,14.97
310,Avera,US,2021-05-07 04:17:03,33.194,-82.5271,59.0,77,1,9.15
311,Panjab,AF,2021-05-07 04:17:03,34.388,67.0233,51.04,59,9,2.28
312,Severo-Kurilsk,RU,2021-05-07 04:17:04,50.6789,156.125,38.43,90,95,9.95
313,Raga,SS,2021-05-07 04:17:04,8.4596,25.678,73.17,80,98,4.12
314,Dubti,ET,2021-05-07 04:17:04,11.7361,41.0853,78.44,71,89,4.83
315,Havoysund,NO,2021-05-07 04:17:05,70.9963,24.6622,33.8,75,75,11.5
316,Krasnoborsk,RU,2021-05-07 04:17:05,61.5598,45.934,50.94,84,100,9.82
317,Chokurdakh,RU,2021-05-07 04:17:06,70.6333,147.9167,27.57,85,61,4.34
318,Saint Andrews,US,2021-05-07 04:17:06,34.0454,-81.1293,59.0,88,1,3.44
319,Luba,GQ,2021-05-07 04:17:06,3.4568,8.5547,73.4,100,20,3.44
320,Puri,IN,2021-05-07 04:17:07,19.8,85.85,89.6,62,40,13.8
321,Lermontovka,RU,2021-05-07 04:12:12,47.1453,134.3383,68.72,42,100,7.76
322,Jaicos,BR,2021-05-07 04:17:07,-7.3592,-41.1378,76.95,55,98,3.33
323,Belaya Gora,RU,2021-05-07 04:17:07,68.5333,146.4167,32.04,85,98,7.43
324,Urengoy,RU,2021-05-07 04:17:08,65.9667,78.3667,33.71,100,89,13.15
325,Strezhevoy,RU,2021-05-07 04:17:08,60.7333,77.5889,41.0,65,90,13.42
326,Saint Anthony,US,2021-05-07 04:17:09,45.0205,-93.218,51.8,57,40,9.22
327,South Sioux City,US,2021-05-07 04:17:09,42.4739,-96.4136,53.01,71,90,4.81
328,Altagracia De Orituco,VE,2021-05-07 04:17:09,9.8601,-66.3814,71.56,91,56,3.96
329,Husavik,IS,2021-05-07 04:17:10,66.0449,-17.3389,30.2,93,90,4.61
330,Pathein,MM,2021-05-07 04:17:10,16.7833,94.7333,97.32,35,100,4.41
331,Ugoofaaru,MV,2021-05-07 04:17:11,5.6667,73.0,84.24,67,15,1.7
332,Surt,LY,2021-05-07 04:17:11,31.2089,16.5887,66.81,84,6,12.55
333,Dakar,SN,2021-05-07 04:15:02,14.6937,-17.4441,68.0,100,41,13.8
334,Sokolo,ML,2021-05-07 04:17:12,14.7328,-6.1219,91.17,26,54,5.93
335,Hammerfest,NO,2021-05-07 04:17:12,70.6634,23.6821,32.0,80,75,16.11
336,Iberia,US,2021-05-07 04:17:12,29.9502,-91.7507,66.2,63,1,4.61
337,Teya,RU,2021-05-07 04:17:13,60.3778,92.6267,44.33,87,99,12.17
338,Asyut,EG,2021-05-07 04:17:13,27.181,31.1837,78.8,36,0,6.91
339,Le Passage,FR,2021-05-07 04:17:13,44.2014,0.6028,57.2,88,90,9.22
340,Bengkulu,ID,2021-05-07 04:17:14,-3.8004,102.2655,83.03,67,99,3.31
341,Piranhas,BR,2021-05-07 04:17:14,-16.4269,-51.8222,65.93,51,6,5.53
342,Codrington,AU,2021-05-07 04:17:14,-38.2667,141.9667,68.65,46,100,8.86
343,Minot,US,2021-05-07 04:17:15,48.2325,-101.2963,46.4,33,1,5.75
344,Malinyi,TZ,2021-05-07 04:17:15,-8.9333,36.1333,66.33,89,93,3.67
345,Marsaxlokk,MT,2021-05-07 04:17:15,35.8419,14.5431,61.0,82,0,8.05
346,Paamiut,GL,2021-05-07 04:17:16,61.994,-49.6678,34.72,82,96,2.64
347,Le Vauclin,MQ,2021-05-07 04:17:17,14.5452,-60.8388,78.8,73,75,11.5
348,Vardo,NO,2021-05-07 04:17:17,70.3705,31.1107,32.0,74,75,19.57
349,Pitimbu,BR,2021-05-07 04:17:17,-7.4706,-34.8086,73.4,94,20,5.75
350,Port Elizabeth,ZA,2021-05-07 04:17:18,-33.918,25.5701,57.2,94,0,4.61
351,Hirara,JP,2021-05-07 04:17:18,24.8,125.2833,84.2,79,75,19.57
352,Sungurlu,TR,2021-05-07 04:17:18,40.1675,34.3739,54.39,77,0,1.7
353,Biak,ID,2021-05-07 04:17:19,-0.9131,122.8766,81.59,77,100,3.62
354,Verkhoyansk,RU,2021-05-07 04:17:19,67.5447,133.385,38.19,80,100,2.59
355,Hofn,IS,2021-05-07 04:17:19,64.2539,-15.2082,32.86,59,21,11.99
356,Comodoro Rivadavia,AR,2021-05-07 04:15:01,-45.8667,-67.5,39.2,93,0,8.37
357,Kenai,US,2021-05-07 04:17:20,60.5544,-151.2583,46.4,61,90,9.22
358,Souillac,MU,2021-05-07 04:17:20,-20.5167,57.5167,71.6,100,40,2.3
359,Buta,CD,2021-05-07 04:17:21,2.7858,24.73,67.6,99,100,1.19
360,Dolny Kubin,SK,2021-05-07 04:17:21,49.2098,19.3034,48.0,78,100,4.0
361,Pyaozerskiy,RU,2021-05-07 04:17:21,65.8333,31.1667,27.03,94,100,20.29
362,Saint-Andre-Avellin,CA,2021-05-07 04:17:22,45.7168,-75.066,44.01,81,57,2.68
363,Mayo,US,2021-05-07 04:17:22,38.8876,-76.5119,52.0,82,1,5.08
364,Havelock,US,2021-05-07 04:17:23,34.8791,-76.9013,60.01,82,75,3.44
365,Cajati,BR,2021-05-07 04:16:10,-24.7361,-48.1228,62.64,98,100,1.61
366,Truro,GB,2021-05-07 04:17:23,50.2653,-5.0544,41.0,75,0,6.91
367,Yulara,AU,2021-05-07 04:17:23,-25.2406,130.9889,80.6,24,75,9.22
368,Port Hope,US,2021-05-07 04:15:08,43.9408,-82.7127,43.0,75,100,3.44
369,Tautira,PF,2021-05-07 04:17:24,-17.7333,-149.15,82.4,69,20,5.75
370,Ukiah,US,2021-05-07 04:17:25,39.1502,-123.2078,55.4,67,1,11.5
371,Cabo San Lucas,MX,2021-05-07 04:15:50,22.8909,-109.9124,75.99,60,1,16.11
372,Sao Joao Da Barra,BR,2021-05-07 04:14:38,-21.6403,-41.0511,72.64,81,0,6.35
373,Sulangan,PH,2021-05-07 04:17:25,11.1373,123.7228,83.53,74,60,9.8
374,Juba,SS,2021-05-07 04:17:26,4.8517,31.5825,69.84,94,100,4.5
375,Jiaozhou,CN,2021-05-07 04:17:12,36.2839,120.0033,71.6,30,0,15.66
376,Namatanai,PG,2021-05-07 04:17:26,-3.6667,152.4333,84.0,75,42,6.11
377,La Ronge,CA,2021-05-07 04:17:27,55.1001,-105.2842,33.8,51,2,1.14
378,Coquimbo,CL,2021-05-07 04:17:27,-29.9533,-71.3436,59.0,88,90,3.44
379,Klaksvik,FO,2021-05-07 04:17:28,62.2266,-6.589,35.6,87,89,4.61
380,Upata,VE,2021-05-07 04:17:28,8.0086,-62.3989,75.99,93,100,3.0
381,Nouadhibou,MR,2021-05-07 04:17:28,20.931,-17.0347,64.4,88,0,16.11
382,San Patricio,US,2021-05-07 04:17:29,28.017,-97.5169,73.99,94,20,4.61
383,Ormstown,CA,2021-05-07 04:17:29,45.1334,-73.9992,39.2,81,6,7.72
384,Verkhnevilyuysk,RU,2021-05-07 04:17:29,63.4453,120.3167,43.16,70,100,7.25
385,Sergeyevka,KZ,2021-05-07 04:17:30,53.88,67.4158,54.05,38,0,5.68
386,Bendigo,AU,2021-05-07 04:14:06,-36.7667,144.2833,72.0,42,97,6.6
387,Sitio Novo Do Tocantins,BR,2021-05-07 04:17:30,-5.5183,-47.4611,71.53,96,100,2.17
388,Beloha,MG,2021-05-07 04:17:31,-25.1667,45.05,65.34,80,56,5.86
389,Venustiano Carranza,MX,2021-05-07 04:17:31,19.43,-99.0992,62.6,59,1,11.5
390,Yeppoon,AU,2021-05-07 04:17:31,-23.1333,150.7333,82.4,26,0,9.22
391,Matamoros,MX,2021-05-07 04:17:32,25.5333,-103.25,84.2,30,75,8.05
392,Longhua,CN,2021-05-07 04:17:32,23.6137,114.1919,86.38,61,89,3.74
393,Solnechnyy,RU,2021-05-07 04:17:33,50.7214,136.6319,40.59,69,91,7.14
394,Machaneng,BW,2021-05-07 04:17:33,-23.1862,27.4886,58.28,67,2,6.76
395,Camacha,PT,2021-05-07 04:17:33,33.0833,-16.3333,59.0,77,20,3.44
396,Pirgos,GR,2021-05-07 04:17:34,35.1167,25.7178,66.0,77,20,8.05
397,Anadyr,RU,2021-05-07 04:17:34,64.75,177.4833,24.8,86,0,6.71
398,Oskemen,KZ,2021-05-07 04:17:35,49.9565,82.6119,71.82,39,100,3.98
399,Swan River,CA,2021-05-07 04:17:35,52.1058,-101.2676,33.8,60,9,1.14
400,Ucluelet,CA,2021-05-07 04:17:36,48.9329,-125.5528,48.0,78,73,7.83
401,Half Moon Bay,US,2021-05-07 04:13:46,37.4636,-122.4286,55.99,93,90,6.91
402,Ulaangom,MN,2021-05-07 04:17:36,49.9811,92.0667,63.99,24,93,4.27
403,Canton,CN,2021-05-07 04:15:49,23.1167,113.25,89.6,58,40,4.47
404,Hasaki,JP,2021-05-07 04:17:37,35.7333,140.8333,66.99,88,75,3.44
405,Atbasar,KZ,2021-05-07 04:17:37,51.8,68.3333,57.67,37,46,7.11
406,Irtyshskiy,RU,2021-05-07 04:17:37,58.3333,68.1333,47.86,39,3,15.84
407,Wamba,NG,2021-05-07 04:17:38,8.9333,8.6,71.85,84,100,0.74
408,Lasa,IT,2021-05-07 04:17:38,46.6166,10.7002,45.0,100,90,5.75
409,Coahuayana,MX,2021-05-07 04:17:39,18.7333,-103.6833,73.63,79,25,1.59
410,Praia,CV,2021-05-07 04:17:39,14.9215,-23.5087,69.8,78,20,13.8
411,Portland,US,2021-05-07 04:14:10,45.5234,-122.6762,53.6,66,75,8.05
412,Tenenkou,ML,2021-05-07 04:17:40,14.4572,-4.9169,88.77,34,70,2.51
413,Petropavlovsk-Kamchatskiy,RU,2021-05-07 04:17:40,53.0452,158.6483,37.4,93,75,8.95
414,Viedma,AR,2021-05-07 04:17:40,-40.8135,-62.9967,48.13,64,3,7.43
415,Lithgow,AU,2021-05-07 04:17:41,-33.4833,150.15,57.0,43,100,3.27
416,Gazanjyk,TM,2021-05-07 04:17:41,39.2446,55.5154,62.17,62,57,3.87
417,Goundam,ML,2021-05-07 04:17:41,16.4145,-3.6708,85.87,19,2,8.88
418,Villavicencio,CO,2021-05-07 04:15:04,4.142,-73.6266,71.64,94,100,2.98
419,Mackay,AU,2021-05-07 04:15:39,-21.15,149.2,81.0,39,0,9.22
420,Thayetmyo,MM,2021-05-07 04:17:42,19.3167,95.1833,97.14,32,2,6.76
421,Salta,AR,2021-05-07 04:15:57,-24.7859,-65.4117,48.2,87,40,5.75
422,Seydi,TM,2021-05-07 04:17:43,39.4816,62.9137,76.46,28,100,4.9
423,Fortaleza,BR,2021-05-07 04:16:13,-3.7227,-38.5247,82.4,78,75,8.05
424,Bathsheba,BB,2021-05-07 04:17:43,13.2167,-59.5167,77.0,69,75,23.02
425,Trofors,NO,2021-05-07 04:17:44,65.5333,13.4063,26.6,74,20,2.3
426,Sheboygan,US,2021-05-07 04:17:44,43.7333,-87.9334,43.0,81,20,5.75
427,Pangody,RU,2021-05-07 04:17:44,65.85,74.4859,31.8,99,99,12.71
428,Cairns,AU,2021-05-07 04:17:45,-16.9167,145.7667,82.4,57,3,11.5
429,Malakal,SS,2021-05-07 04:17:45,9.5334,31.6605,77.72,75,100,4.27
430,Aripuana,BR,2021-05-07 04:17:45,-9.1667,-60.6333,72.68,80,83,3.09
431,Kudahuvadhoo,MV,2021-05-07 04:17:46,2.6708,72.8944,85.03,69,98,7.58
432,Los Llanos De Aridane,ES,2021-05-07 04:13:37,28.6585,-17.9182,68.0,64,90,8.05
433,Zvenigovo,RU,2021-05-07 04:17:46,55.9742,48.0181,57.2,44,0,13.42
434,Maceio,BR,2021-05-07 04:17:47,-9.6658,-35.7353,73.4,94,90,4.61
435,Fortuna,US,2021-05-07 04:17:47,40.5982,-124.1573,54.0,87,90,14.97
436,Hervey Bay,AU,2021-05-07 04:17:47,-25.2986,152.8535,77.0,58,20,5.01
437,Altay,CN,2021-05-07 04:17:48,47.8667,88.1167,72.79,23,64,2.86
438,Nakapiripirit,UG,2021-05-07 04:17:48,1.9167,34.7833,64.36,92,100,1.81
439,Rusape,ZW,2021-05-07 04:17:48,-18.5278,32.1284,46.53,86,6,2.64
440,Xining,CN,2021-05-07 04:17:49,36.6167,101.7667,66.0,33,0,5.23
441,Yatou,CN,2021-05-07 04:17:49,37.15,122.3833,63.34,39,0,24.79
442,Sibut,CF,2021-05-07 04:17:50,5.718,19.0739,69.67,99,100,3.58
443,Farmington,US,2021-05-07 04:15:35,36.7281,-108.2187,66.0,13,1,6.91
444,Singkang,MY,2021-05-07 04:17:50,2.1006,102.7994,86.0,74,20,5.75
445,Yaring,TH,2021-05-07 04:17:51,6.8662,101.3689,87.8,74,20,5.75
446,Siocon,PH,2021-05-07 04:17:51,7.7061,122.1353,87.73,67,100,5.77
447,Kasangulu,CD,2021-05-07 04:17:51,-4.5911,15.1708,75.2,94,40,4.61
448,Constitucion,CL,2021-05-07 04:17:52,-35.3333,-72.4167,56.07,69,92,5.86
449,Itapirapua,BR,2021-05-07 04:17:52,-15.8233,-50.6133,66.96,63,3,2.93
450,Grand Forks,US,2021-05-07 04:16:22,47.9417,-97.4337,42.01,48,1,10.36
451,Muscat,OM,2021-05-07 04:17:52,23.6139,58.5922,84.2,84,20,8.05
452,Namibe,AO,2021-05-07 04:17:53,-15.1961,12.1522,74.23,86,52,6.44
453,Mizan Teferi,ET,2021-05-07 04:17:53,6.9833,35.5833,60.69,95,100,2.86
454,Tymovskoye,RU,2021-05-07 04:17:54,50.8456,142.655,44.51,72,81,4.65
455,Shubarshi,KZ,2021-05-07 04:17:54,48.5872,57.1869,58.87,44,100,10.92
456,Nizhniy Odes,RU,2021-05-07 04:17:55,63.6445,54.856,35.74,57,77,3.33
457,Dauriya,RU,2021-05-07 04:17:55,49.9333,116.8667,49.06,27,100,8.7
458,Necochea,AR,2021-05-07 04:17:56,-38.5473,-58.7368,51.96,77,5,6.2
459,Kysyl-Syr,RU,2021-05-07 04:17:56,63.8986,122.7617,37.98,97,100,5.95
460,Soure,BR,2021-05-07 04:17:57,-0.7167,-48.5233,76.68,86,95,2.06
461,Sobolevo,RU,2021-05-07 04:17:57,54.4299,31.8996,39.33,82,43,9.4
462,Vestmannaeyjar,IS,2021-05-07 04:17:57,63.4427,-20.2734,37.24,68,48,8.03
463,Grand Gaube,MU,2021-05-07 04:17:58,-20.0064,57.6608,77.0,83,2,6.53
464,Benguela,AO,2021-05-07 04:17:58,-12.5763,13.4055,76.91,80,37,4.5
465,Shitanjing,CN,2021-05-07 04:17:59,39.2342,106.3439,62.98,11,81,6.11
466,Sayyan,YE,2021-05-07 04:17:59,15.1718,44.3244,58.3,63,100,3.33
467,Dawson Creek,CA,2021-05-07 04:15:07,55.7666,-120.2362,60.8,33,1,6.91
468,Quesnel,CA,2021-05-07 04:15:08,52.9999,-122.5029,50.0,87,90,4.61
469,Karaman,TR,2021-05-07 04:18:00,37.0833,33.25,50.58,80,3,6.38
470,Yuanping,CN,2021-05-07 04:18:00,38.7153,112.7575,68.97,12,0,15.7
471,Debre Tabor,ET,2021-05-07 04:18:00,11.85,38.0167,52.95,85,100,4.41
472,Kupino,RU,2021-05-07 04:18:01,54.3663,77.2981,58.21,37,89,14.97
473,Taoudenni,ML,2021-05-07 04:18:01,22.6783,-3.9836,82.54,21,1,8.3
474,Elizabeth City,US,2021-05-07 04:18:01,36.2946,-76.2511,55.4,76,1,5.75
475,York,US,2021-05-07 04:15:08,40.1254,-77.0,51.8,66,1,3.53
476,Mufulira,ZM,2021-05-07 04:18:02,-12.5498,28.2407,54.0,91,97,4.0
477,Harper,LR,2021-05-07 04:18:03,4.375,-7.7169,78.46,84,100,5.35
478,Eureka,US,2021-05-07 04:17:11,40.8021,-124.1637,53.01,85,31,8.99
479,Narsaq,GL,2021-05-07 04:18:04,60.9167,-46.05,35.6,75,75,4.61
480,Burgersdorp,ZA,2021-05-07 04:18:04,-30.9977,26.3286,52.88,83,100,4.63
481,Dawei,MM,2021-05-07 04:18:05,14.0833,98.2,89.13,53,97,2.3
482,Atar,MR,2021-05-07 04:18:05,20.5169,-13.0499,75.92,23,0,7.65
483,Ouango,CF,2021-05-07 04:18:05,4.3133,22.5552,66.47,99,100,2.26
484,Vaitape,PF,2021-05-07 04:18:06,-16.5167,-151.75,82.38,71,11,13.42
485,San Andres,CO,2021-05-07 04:18:06,12.5847,-81.7006,80.6,83,75,6.91
486,Bure,ET,2021-05-07 04:18:07,10.7,37.0667,59.22,87,99,2.64
487,Goderich,CA,2021-05-07 04:18:07,43.7501,-81.7165,41.0,81,100,2.3
488,Broken Hill,AU,2021-05-07 04:18:07,-31.95,141.4333,73.4,27,33,6.91
489,General Pico,AR,2021-05-07 04:18:08,-35.6566,-63.7568,47.23,71,0,7.34
490,Ayotzintepec,MX,2021-05-07 04:18:08,17.6667,-96.1333,72.93,95,78,2.62
491,Nuuk,GL,2021-05-07 04:18:08,64.1835,-51.7216,28.4,100,90,6.91
492,Wenling,CN,2021-05-07 04:18:09,28.3669,121.36,77.0,85,100,2.86
493,Urumqi,CN,2021-05-07 04:18:09,43.801,87.6005,84.2,12,0,4.47
494,Ponta Delgada,PT,2021-05-07 04:18:10,37.7333,-25.6667,62.6,94,75,10.36
495,Flinders,AU,2021-05-07 04:18:10,-34.5833,150.8552,69.01,88,93,3.0
496,Sioux Lookout,CA,2021-05-07 04:18:10,50.1001,-91.917,35.6,75,75,10.36
497,Tayoltita,MX,2021-05-07 04:18:11,24.0833,-105.9333,69.57,52,19,4.45
498,Kandrian,PG,2021-05-07 04:18:11,-6.2167,149.55,82.72,79,65,8.72
499,Mnogovershinnyy,RU,2021-05-07 04:18:11,53.9353,139.9242,31.8,90,99,7.56
500,Bang Saphan,TH,2021-05-07 04:15:10,11.2126,99.5117,89.6,70,40,11.5
501,Chicama,PE,2021-05-07 04:18:12,-7.8447,-79.1469,67.8,80,92,4.83
502,Lakes Entrance,AU,2021-05-07 04:18:12,-37.8811,147.981,68.0,82,22,1.99
503,Huangchuan,CN,2021-05-07 04:18:13,32.1272,115.0394,77.7,29,94,6.82
504,Baherden,TM,2021-05-07 04:18:13,38.4362,57.4316,66.25,65,99,4.36
505,Mersin,TR,2021-05-07 04:14:34,36.862,34.6509,66.2,94,0,2.37
506,Reading,GB,2021-05-07 04:15:05,51.4562,-0.9711,37.0,86,3,3.44
507,Gummidipundi,IN,2021-05-07 04:18:14,13.4,80.15,91.4,58,40,9.22
508,Tanout,NE,2021-05-07 04:18:14,14.9709,8.8879,80.31,11,6,6.53
509,Sao Miguel Do Araguaia,BR,2021-05-07 04:18:14,-13.275,-50.1628,70.88,57,0,2.77
510,Pangkalanbuun,ID,2021-05-07 04:18:15,-2.6833,111.6167,85.06,72,97,0.56
511,Bongandanga,CD,2021-05-07 04:18:15,1.5,21.05,68.65,96,100,1.77
512,Khurda,IN,2021-05-07 04:18:16,20.1833,85.6167,89.6,62,40,13.8
513,Ambilobe,MG,2021-05-07 04:18:16,-13.2,49.05,75.04,91,15,2.17
514,Alihe,CN,2021-05-07 04:18:16,50.5667,123.7167,54.91,35,54,8.28
515,Muros,ES,2021-05-07 04:18:17,42.7762,-9.0603,57.99,88,86,3.0
516,Shieli,KZ,2021-05-07 04:18:17,44.1667,66.75,76.21,40,96,12.28
517,Kisangani,CD,2021-05-07 04:18:17,0.5167,25.2,69.33,99,100,1.95
518,Dvorichna,UA,2021-05-07 04:18:18,49.8496,37.6857,50.09,84,100,9.91
519,Tulum,MX,2021-05-07 04:18:18,20.2167,-87.4667,78.44,81,86,7.29
520,Kijang,KR,2021-05-07 04:18:18,35.2442,129.2139,68.0,73,75,14.97
521,Staryy Nadym,RU,2021-05-07 04:18:19,65.6118,72.6842,32.49,99,100,15.37
522,Novobiryusinskiy,RU,2021-05-07 04:18:19,56.9578,97.7076,46.11,48,100,12.24
523,Bosaso,SO,2021-05-07 04:18:19,11.2842,49.1816,86.83,62,37,6.17
524,Canals,ES,2021-05-07 04:18:20,38.9625,-0.5844,66.99,58,68,1.99
525,Russell,US,2021-05-07 04:18:20,32.3502,-85.1999,62.6,82,1,3.44
526,Isla Mujeres,MX,2021-05-07 04:18:21,21.2311,-86.731,81.0,78,20,9.22
527,Krasnyy Chikoy,RU,2021-05-07 04:18:21,50.3643,108.7512,41.52,68,96,16.4
528,Walvis Bay,NA,2021-05-07 04:18:21,-22.9575,14.5053,57.99,88,0,4.61
529,Porto Belo,BR,2021-05-07 04:18:22,-27.1578,-48.5531,62.01,94,40,4.61
530,Blakstad,NO,2021-05-07 04:18:22,59.8191,10.4645,34.0,46,99,4.07
531,Yarim,YE,2021-05-07 04:18:23,14.298,44.3779,56.03,68,94,4.41
532,Sola,VU,2021-05-07 04:18:23,-13.8833,167.55,86.0,84,49,4.61
533,Beruwala,LK,2021-05-07 04:18:23,6.4788,79.9828,84.29,72,58,0.43
534,Astoria,US,2021-05-07 04:15:05,46.1879,-123.8313,50.0,81,1,5.75
535,Poum,NC,2021-05-07 04:18:24,-20.2333,164.0167,79.83,74,94,15.66
536,Cockburn Town,TC,2021-05-07 04:15:46,21.4612,-71.1419,78.76,75,0,20.31
537,Wanaka,NZ,2021-05-07 04:18:24,-44.7,169.15,57.29,60,95,1.32
538,Babylon,US,2021-05-07 04:17:40,40.6957,-73.3257,53.6,62,1,4.61
539,Aguada De Pasajeros,CU,2021-05-07 04:18:25,22.385,-80.8508,78.8,89,48,3.44
540,Alice Springs,AU,2021-05-07 04:15:51,-23.7,133.8833,84.2,9,95,5.75
541,La Asuncion,VE,2021-05-07 04:14:59,11.0333,-63.8628,80.6,83,53,10.36
542,Wilmington Island,US,2021-05-07 04:18:25,32.0036,-80.9737,70.0,48,1,9.22
543,Balykshi,KZ,2021-05-07 04:18:22,47.0667,51.8667,60.8,33,0,11.18
544,Sambava,MG,2021-05-07 04:18:26,-14.2667,50.1667,76.12,88,38,8.37
545,Cartagena,CO,2021-05-07 04:18:26,10.3997,-75.5144,80.6,89,40,6.91
546,Matagami,CA,2021-05-07 04:18:27,49.7502,-77.6328,33.8,100,90,3.44
547,Mitzic,GA,2021-05-07 04:18:27,0.7821,11.549,68.83,99,100,1.28
548,Soubre,CI,2021-05-07 04:18:28,5.7856,-6.6083,71.11,98,72,2.3
549,Aleksinac,RS,2021-05-07 04:18:28,43.5417,21.7078,52.0,71,0,4.61
550,Macia,MZ,2021-05-07 04:18:28,-25.0269,33.0989,64.26,86,54,1.79
551,Bay City,US,2021-05-07 04:18:29,43.5945,-83.8889,42.8,87,90,5.75
552,Kahului,US,2021-05-07 04:18:29,20.8947,-156.47,75.2,69,40,12.66
553,Red Wing,US,2021-05-07 04:14:40,44.5625,-92.5338,50.0,62,90,8.05
554,Ismailia,EG,2021-05-07 04:18:30,30.6043,32.2723,72.19,44,2,3.38
555,Whitecourt,CA,2021-05-07 04:18:30,54.1502,-115.6855,60.8,29,90,14.97
556,Alta Floresta,BR,2021-05-07 04:18:31,-9.8756,-56.0861,66.61,81,39,3.87
557,Kargil,IN,2021-05-07 04:18:31,34.5667,76.1,43.38,47,100,3.15
558,Fort Nelson,CA,2021-05-07 04:15:05,58.8053,-122.7002,62.6,29,75,14.97
559,Amherst,US,2021-05-07 04:18:24,41.3978,-82.2224,44.01,87,90,4.61
560,Debre Birhan,ET,2021-05-07 04:18:32,9.6833,39.5333,50.99,75,81,3.02
561,Dabakala,CI,2021-05-07 04:18:32,8.3667,-4.4333,72.7,92,97,4.65
562,Mangrol,IN,2021-05-07 04:18:33,21.1167,70.1167,86.88,56,0,9.82
563,Sisimiut,GL,2021-05-07 04:18:33,66.9395,-53.6735,30.07,83,8,6.04
564,Henties Bay,NA,2021-05-07 04:18:33,-22.116,14.2845,57.99,92,0,1.99
565,Ust-Nera,RU,2021-05-07 04:18:34,64.5667,143.2,40.84,75,100,4.47
566,Andenes,NO,2021-05-07 04:18:34,69.3143,16.1194,30.2,80,0,5.75
567,Baglan,AF,2021-05-07 04:18:34,36.1307,68.7083,72.27,58,99,1.25
568,Wad Rawah,SD,2021-05-07 04:18:35,15.1603,33.1397,88.81,25,63,7.63
569,Talara,PE,2021-05-07 04:18:35,-4.5772,-81.2719,70.92,79,38,13.06
570,Dalbandin,PK,2021-05-07 04:18:35,28.8947,64.4101,82.26,18,0,7.14
571,Saint-Francois,FR,2021-05-07 04:18:36,46.4154,3.9054,50.0,93,90,6.91
572,Coos Bay,US,2021-05-07 04:18:36,43.3665,-124.2179,51.8,82,75,3.44
573,Puerto Del Rosario,ES,2021-05-07 04:18:37,28.5004,-13.8627,64.4,77,0,10.36
574,Ouegoa,NC,2021-05-07 04:18:37,-20.35,164.4333,80.55,69,90,9.24
575,Alofi,NU,2021-05-07 04:18:37,-19.0595,-169.9187,78.8,89,76,11.5
576,Methoni,GR,2021-05-07 04:18:38,36.8197,21.7049,64.99,82,20,4.61
577,Naantali,FI,2021-05-07 04:18:38,60.4674,22.0243,39.0,100,90,5.75
578,Nanchong,CN,2021-05-07 04:18:39,30.7951,106.0847,74.61,61,100,6.49
579,Jipijapa,EC,2021-05-07 04:18:39,-1.3333,-80.5833,75.2,83,90,9.22
580,Ongole,IN,2021-05-07 04:18:39,15.5,80.05,91.36,55,47,11.81
581,Mbini,GQ,2021-05-07 04:18:40,1.574,9.6134,75.2,100,40,1.39
582,Bethanien,NA,2021-05-07 04:18:40,-26.502,17.1583,55.04,44,0,3.09
583,Ayagoz,KZ,2021-05-07 04:18:40,47.9714,80.4392,65.39,49,100,7.7
584,Gat,IL,2021-05-07 04:13:58,31.61,34.7642,68.0,44,2,3.91
585,Kinablangan,PH,2021-05-07 04:18:41,7.6947,126.5503,84.99,69,100,6.82
586,Presidencia Roque Saenz Pena,AR,2021-05-07 04:18:41,-26.7852,-60.4388,48.0,93,0,3.13
